id,title,score,num_comments,author,created_utc,url,over_18,edited,spoiler,stickied
1drmxpk,Need advice transitioning out of Microsoft Data Stack,26,15,mikethenub,2024-06-29 22:36:30,https://www.reddit.com/r/dataengineering/comments/1drmxpk/need_advice_transitioning_out_of_microsoft_data/,False,False,False,False
1drqxw6,Healthcare data engineering,10,3,GridPwr,2024-06-30 02:06:07,https://www.reddit.com/r/dataengineering/comments/1drqxw6/healthcare_data_engineering/,False,False,False,False
1drkp1z,What do i need to learn to build a data sharing platform (prototype) in a month? ,7,15,Historical-Pin9709,2024-06-29 20:49:43,https://www.reddit.com/r/dataengineering/comments/1drkp1z/what_do_i_need_to_learn_to_build_a_data_sharing/,False,False,False,False
1drdf57,Scalable technology for DWH,7,12,Healthy_Yak_2516,2024-06-29 15:14:19,https://www.reddit.com/r/dataengineering/comments/1drdf57/scalable_technology_for_dwh/,False,False,False,False
1ds084o,Gartner - A Ratings Agency,7,2,Waste-Bug-8018,2024-06-30 12:20:29,https://www.reddit.com/r/dataengineering/comments/1ds084o/gartner_a_ratings_agency/,False,False,False,False
1ds0kas,If all the Modern Data Stack tools worked and were cheaper would it die or nah?,6,3,engineer_of-sorts,2024-06-30 12:39:06,https://www.reddit.com/r/dataengineering/comments/1ds0kas/if_all_the_modern_data_stack_tools_worked_and/,False,False,False,False
1ds00ks,Database for getting fast ATH querying from timeseries from a custom start point,4,0,dotaleaker,2024-06-30 12:08:05,https://www.reddit.com/r/dataengineering/comments/1ds00ks/database_for_getting_fast_ath_querying_from/,False,False,False,False
1drzbg5,Looking for my career path,5,5,mageblood123,2024-06-30 11:24:18,https://www.reddit.com/r/dataengineering/comments/1drzbg5/looking_for_my_career_path/,False,False,False,False
1drv7or,Performance studies for AWS EMR for different cluster configurations,4,1,Leather_Macaroon_449,2024-06-30 06:30:10,https://www.reddit.com/r/dataengineering/comments/1drv7or/performance_studies_for_aws_emr_for_different/,False,False,False,False
1drr0pm,Data Loading with Python Pipeline,3,5,forgael,2024-06-30 02:10:37,https://www.reddit.com/r/dataengineering/comments/1drr0pm/data_loading_with_python_pipeline/,False,False,False,False
1drgaxr,How to implement a chatbot tuned using Streamlit and custom data.,3,0,foolishProcastinator,2024-06-29 17:26:44,https://www.reddit.com/r/dataengineering/comments/1drgaxr/how_to_implement_a_chatbot_tuned_using_streamlit/,False,False,False,False
1ds1t8k,Practice in data engineering,1,0,VortexHum,2024-06-30 13:44:17,https://www.reddit.com/r/dataengineering/comments/1ds1t8k/practice_in_data_engineering/,False,False,False,False
1ds1qge,Best Practices for dealing with event Taxonomies,1,1,No_Way_1569,2024-06-30 13:40:19,https://www.reddit.com/r/dataengineering/comments/1ds1qge/best_practices_for_dealing_with_event_taxonomies/,False,False,False,False
1ds103u,Data reconciliation process (Oracle DBs with streaming pipeline between them) - looking for suggestions,1,1,devon_b,2024-06-30 13:02:33,https://www.reddit.com/r/dataengineering/comments/1ds103u/data_reconciliation_process_oracle_dbs_with/,False,False,False,False
1drzyau,DAGs got error,0,1,Odd_Breadfruit820,2024-06-30 12:04:20,https://www.reddit.com/r/dataengineering/comments/1drzyau/dags_got_error/,False,False,False,False
1dryku3,How to crack a DE role in Germany?,0,4,ShahSawari,2024-06-30 10:34:26,https://www.reddit.com/r/dataengineering/comments/1dryku3/how_to_crack_a_de_role_in_germany/,False,False,False,False
1drnkvm,Anyone ever found a way to create a data lake where you search up a specific data from a site etc and it pops up w/o having to manually login?,0,6,Acrobatic_Sample_552,2024-06-29 23:07:24,https://www.reddit.com/r/dataengineering/comments/1drnkvm/anyone_ever_found_a_way_to_create_a_data_lake/,False,False,False,False
1dru0dg,Looking out for new carrier change in data engineering. Roast my experience and skills!! ,0,1,Longjumping-Score209,2024-06-30 05:08:02,https://www.reddit.com/r/dataengineering/comments/1dru0dg/looking_out_for_new_carrier_change_in_data/,False,False,False,False
